bigram,count
looks like,256
i'm not,223
it's not,196
good luck,192
feel like,175
not sure,170
don't know,164
sounds like,153
don't think,131
i’m not,118
i'm so,115
i'm sorry,105
years ago,99
so sorry,97
i'm glad,97
year old,91
no idea,88
i'm just,81
look like,79
so far,79
that's not,75
don’t know,73
it's just,73
you're not,69
don’t think,67
i’m so,66
cake day,65
didn't know,65
i've seen,65
i’m sorry,63
did not,63
just like,61
more like,61
so happy,61
no way,61
not really,61
it’s not,60
i've never,60
so glad,59
happy cake,59
don't want,59
i'd love,58
so hard,58
way too,57
new year,56
makes sense,55
long time,55
don't like,54
feels like,54
make sure,53
does not,53
so good,53
pretty sure,52
not just,51
so bad,51
feel better,50
it's so,50
really like,49
not like,49
good job,48
happy new,48
just got,47
don't understand,47
no no,47
just want,46
too bad,46
never seen,46
no matter,45
feel bad,45
people like,44
not going,44
just don't,44
holy shit,44
you're right,44
think it's,44
it's like,44
can't wait,44
oh man,44
i'm going,44
never heard,43
really hope,43
don't worry,42
i’m glad,42
can't believe,42
sound like,41
oh no,41
there's no,41
i'm sure,40
don't care,40
really bad,39
i've heard,39
pretty cool,39
just not,37
5 years,37
happy birthday,37
pretty good,36
no problem,35
didn’t know,35
too late,34
most people,34
