emotion,admiration,amusement,anger,annoyance,approval,caring,confusion,curiosity,desire,disappointment,disapproval,disgust,embarrassment,excitement,fear,gratitude,grief,joy,love,nervousness,optimism,pride,realization,relief,remorse,sadness,surprise,neutral
admiration,0.9999999999999994,0.3046662808476027,0.2861024598993754,0.47698507885921165,0.603462393606654,0.5028368274054628,0.42103013551781404,0.5002513809049145,0.2907995300534984,0.4925278252482595,0.421281723264432,0.3288696529013196,0.3026863837659324,0.5034354985207322,0.304276647107054,0.3362587641349734,0.23727528003398154,0.4557413909563623,0.3165109057038432,0.26970499957281024,0.4455935273573278,0.25857914306742497,0.48621154471356537,0.4095209771661605,0.16310596059310303,0.359568059980121,0.3695449554994299,0.5366018798669733
amusement,0.3046662808476027,1.0,0.23232743773659573,0.3867759462241819,0.3895557106414203,0.28392569290928577,0.35505252878626953,0.3960007020869351,0.19328378248022596,0.3444527101919682,0.33885864359739387,0.23484704651254412,0.24361977560012762,0.25196649177814734,0.2178763086477886,0.18323522650647972,0.1461241591136027,0.31845951363908515,0.18003420100549228,0.2019254003650938,0.2454354648400334,0.12180612681463489,0.39625024120095953,0.2588230591413987,0.14458255942554268,0.2756469698335191,0.24522331112256632,0.407696891334905
anger,0.2861024598993754,0.23232743773659573,1.0000000000000022,0.7365647232534097,0.4218721676247382,0.3596620957464072,0.42204877411923086,0.4299681524852813,0.21570867105754243,0.4741935156250076,0.47253253623499186,0.4219508217696579,0.2984384983072997,0.27344399319339446,0.2724543410904144,0.14176051517247723,0.1807984413113574,0.24021025754819184,0.16315700741625638,0.2717735978105475,0.25998116809046423,0.14605060831676075,0.40834591573423645,0.2604109322293854,0.14614430381635737,0.3235783148295232,0.282252510046903,0.520451515524263
annoyance,0.47698507885921165,0.3867759462241819,0.7365647232534097,1.0000000000000007,0.7074338257894927,0.5780343172310913,0.6957163996437649,0.7021818658738612,0.3473358971117274,0.7471145317567901,0.756673722882245,0.5910035756229626,0.4896404431345309,0.44369454958610083,0.4478793105831926,0.23576757840347276,0.2731311065984935,0.4154991161875354,0.24496672938314173,0.41531209389917895,0.42469308553934865,0.23669474221100614,0.6988832666088304,0.4601121631187986,0.24733646378699972,0.529356294727685,0.44749573788060626,0.8378128254217445
approval,0.603462393606654,0.3895557106414203,0.4218721676247382,0.7074338257894927,0.9999999999999986,0.6394441086015585,0.6888972418492679,0.7063208716500009,0.3627757957516457,0.6846181339252042,0.6730769190672622,0.47117311898926184,0.43211200237615904,0.4956994151256723,0.4400023686299991,0.2909135645253323,0.27880763245848117,0.4815055291335561,0.293413948567586,0.4186605826313361,0.49819401137176006,0.2376083336875069,0.7197050431395116,0.4958324496559337,0.2582938836149159,0.5134711316098861,0.43114358295180166,0.8229769956288971
caring,0.5028368274054628,0.28392569290928577,0.3596620957464072,0.5780343172310913,0.6394441086015585,0.9999999999999998,0.532749067386754,0.5500610522501371,0.38897606550855696,0.5643014486885467,0.5633295978421292,0.35172606133999945,0.35027970251103846,0.403239102275446,0.35904613857682904,0.24649755764184378,0.31202059468122423,0.4746185139147312,0.25288134151095437,0.370393085325997,0.6223719480915605,0.22906251576011458,0.531000083231492,0.5007450675248118,0.31177647461979946,0.4960811397527981,0.31635770911290334,0.6506218134472069
confusion,0.42103013551781404,0.35505252878626953,0.42204877411923086,0.6957163996437649,0.6888972418492679,0.532749067386754,0.999999999999999,0.7581945909999794,0.2872632302252244,0.6585106575303824,0.7655176157253201,0.41939446879219433,0.4172220419230465,0.3971424125526618,0.4174711902454385,0.2440247419761161,0.24432122842517984,0.394820619978786,0.21990688955649765,0.38796489545151397,0.38728973619726875,0.22323337787674796,0.7010294807641317,0.44275817364018333,0.2625156595399637,0.4807062807397388,0.42588107783118645,0.799128545639409
curiosity,0.5002513809049145,0.3960007020869351,0.4299681524852813,0.7021818658738612,0.7063208716500009,0.5500610522501371,0.7581945909999794,1.0000000000000007,0.34863298694577893,0.6861673937677789,0.6484543154414752,0.44322537685736796,0.4464846194006261,0.5014463643697189,0.43663330877129974,0.2687422757460473,0.2739954001642659,0.4543336487597796,0.278171055339876,0.40408141150629967,0.4309132312068316,0.2616659576599437,0.7114403466113314,0.45393699944865845,0.29413692010705,0.5186118099351884,0.504041083754475,0.8137815482178896
desire,0.2907995300534984,0.19328378248022596,0.21570867105754243,0.3473358971117274,0.3627757957516457,0.38897606550855696,0.2872632302252244,0.34863298694577893,0.9999999999999999,0.3724683350161176,0.30563543766241974,0.21430618218353978,0.20019207525256935,0.25668176804761356,0.20395832337084407,0.14003735464018593,0.16681828587080963,0.25159504355041845,0.21167121409200698,0.19194360201391214,0.39346338716911483,0.12385487418473921,0.3342610486885421,0.20836927870970795,0.12908833443084178,0.2710463926569491,0.20471785807510984,0.39971961743140705
disappointment,0.4925278252482595,0.3444527101919682,0.4741935156250076,0.7471145317567901,0.6846181339252042,0.5643014486885467,0.6585106575303824,0.6861673937677789,0.3724683350161176,0.9999999999999998,0.6949267453972846,0.5300613437557166,0.49581976611133005,0.4629954377629206,0.446645429260951,0.23052981528966354,0.3489563876141104,0.43934964929180637,0.23915570860872104,0.43569490867544547,0.45081192216898813,0.24409878228872536,0.7257591167494387,0.48632059724107357,0.3096362294793958,0.684457182295629,0.4563792467054047,0.7951403644227626
disapproval,0.421281723264432,0.33885864359739387,0.47253253623499186,0.756673722882245,0.6730769190672622,0.5633295978421292,0.7655176157253201,0.6484543154414752,0.30563543766241974,0.6949267453972846,0.9999999999999999,0.45007624410803587,0.4051702472114601,0.35306134927825955,0.3872380565558489,0.2040309736259533,0.243422994244131,0.35823151602466613,0.22447198277965746,0.34869871089411364,0.39301976219167417,0.19070603686064425,0.6673781227041053,0.4363453389338802,0.23219884091258924,0.48229180524702764,0.39119710084613835,0.8279141451735941
disgust,0.3288696529013196,0.23484704651254412,0.4219508217696579,0.5910035756229626,0.47117311898926184,0.35172606133999945,0.41939446879219433,0.44322537685736796,0.21430618218353978,0.5300613437557166,0.45007624410803587,1.0000000000000009,0.39156511037181635,0.29103494826680465,0.375907675725089,0.14559616352986088,0.19032396876051363,0.26513304599085763,0.15776279290999742,0.29935950717722243,0.2758568971285155,0.15618860725995487,0.46595188734570897,0.3037217405213409,0.18572356480745217,0.3821102346184874,0.3056599026793302,0.5227959232375918
embarrassment,0.3026863837659324,0.24361977560012762,0.2984384983072997,0.4896404431345309,0.43211200237615904,0.35027970251103846,0.4172220419230465,0.4464846194006261,0.20019207525256935,0.49581976611133005,0.4051702472114601,0.39156511037181635,1.0000000000000013,0.28152593096931533,0.2952368008923247,0.13711868353623582,0.21155652268488326,0.26663756360672713,0.14613803499701872,0.2719489207211598,0.2617084576257961,0.16168666635848167,0.4701993029485806,0.3186466984462756,0.25218638637622887,0.39272014304889696,0.302575286266133,0.49446323575179146
excitement,0.5034354985207322,0.25196649177814734,0.27344399319339446,0.44369454958610083,0.4956994151256723,0.403239102275446,0.3971424125526618,0.5014463643697189,0.25668176804761356,0.4629954377629206,0.35306134927825955,0.29103494826680465,0.28152593096931533,1.0,0.2991925996341451,0.2314867566912189,0.19782998168001462,0.6260533252433392,0.2379590701697666,0.29332052704948836,0.3561290296337755,0.22526613533720696,0.47456704153311197,0.35954199798074604,0.16990954373538492,0.3495592231565173,0.5070218744269424,0.5069554330716607
fear,0.304276647107054,0.2178763086477886,0.2724543410904144,0.4478793105831926,0.4400023686299991,0.35904613857682904,0.4174711902454385,0.43663330877129974,0.20395832337084407,0.446645429260951,0.3872380565558489,0.375907675725089,0.2952368008923247,0.2991925996341451,1.0000000000000007,0.13970699629210973,0.2061278964635811,0.291284999198672,0.1574545304583967,0.4240994837479122,0.28166319374107684,0.16571874995065602,0.4365835276617537,0.3148818936804049,0.18648849244109175,0.3704237813023539,0.30064928100190935,0.47353543346634636
gratitude,0.3362587641349734,0.18323522650647972,0.14176051517247723,0.23576757840347276,0.2909135645253323,0.24649755764184378,0.2440247419761161,0.2687422757460473,0.14003735464018593,0.23052981528966354,0.2040309736259533,0.14559616352986088,0.13711868353623582,0.2314867566912189,0.13970699629210973,1.0,0.11824772134502352,0.2505620872565913,0.12397184164527697,0.13837462898647757,0.2365982108809545,0.127299415855532,0.28538959933737224,0.34852792351413675,0.1176409678925338,0.1947746286065303,0.18227561800257944,0.2478825006405968
grief,0.23727528003398154,0.1461241591136027,0.1807984413113574,0.2731311065984935,0.27880763245848117,0.31202059468122423,0.24432122842517984,0.2739954001642659,0.16681828587080963,0.3489563876141104,0.243422994244131,0.19032396876051363,0.21155652268488326,0.19782998168001462,0.2061278964635811,0.11824772134502352,1.0,0.23001735291282918,0.11572497493619192,0.21661156761713532,0.22872130749080327,0.1230088701717492,0.29442273951978026,0.23447887827274264,0.41891946644419975,0.4725933349131726,0.19933874043356553,0.3159480027517046
joy,0.4557413909563623,0.31845951363908515,0.24021025754819184,0.4154991161875354,0.4815055291335561,0.4746185139147312,0.394820619978786,0.4543336487597796,0.25159504355041845,0.43934964929180637,0.35823151602466613,0.26513304599085763,0.26663756360672713,0.6260533252433392,0.291284999198672,0.2505620872565913,0.23001735291282918,1.0000000000000002,0.24502565497843842,0.2989854326397227,0.36807670420421496,0.24627442557305992,0.4386882715976791,0.563547546368635,0.18241149897081732,0.3701973834517256,0.3012951757249166,0.4679522085892442
love,0.3165109057038432,0.18003420100549228,0.16315700741625638,0.24496672938314173,0.293413948567586,0.25288134151095437,0.21990688955649765,0.278171055339876,0.21167121409200698,0.23915570860872104,0.22447198277965746,0.15776279290999742,0.14613803499701872,0.2379590701697666,0.1574545304583967,0.12397184164527697,0.11572497493619192,0.24502565497843842,1.0000000000000009,0.13635879925750444,0.20600760140777133,0.09158286191962667,0.2548044260913705,0.16622387076824766,0.0759511497116804,0.18811866945517405,0.15197788554295036,0.2876939207470953
nervousness,0.26970499957281024,0.2019254003650938,0.2717735978105475,0.41531209389917895,0.4186605826313361,0.370393085325997,0.38796489545151397,0.40408141150629967,0.19194360201391214,0.43569490867544547,0.34869871089411364,0.29935950717722243,0.2719489207211598,0.29332052704948836,0.4240994837479122,0.13837462898647757,0.21661156761713532,0.2989854326397227,0.13635879925750444,0.9999999999999997,0.25167703249809054,0.16742130600324834,0.40718938219081147,0.3156460123834501,0.18262605163731713,0.38450576442218926,0.26036656223143084,0.43697315415823196
optimism,0.4455935273573278,0.2454354648400334,0.25998116809046423,0.42469308553934865,0.49819401137176006,0.6223719480915605,0.38728973619726875,0.4309132312068316,0.39346338716911483,0.45081192216898813,0.39301976219167417,0.2758568971285155,0.2617084576257961,0.3561290296337755,0.28166319374107684,0.2365982108809545,0.22872130749080327,0.36807670420421496,0.20600760140777133,0.25167703249809054,0.9999999999999998,0.20805508293569802,0.42285562591144227,0.3284829069705846,0.2096170328023452,0.34841135368476744,0.2721682420934751,0.49148226050424976
pride,0.25857914306742497,0.12180612681463489,0.14605060831676075,0.23669474221100614,0.2376083336875069,0.22906251576011458,0.22323337787674796,0.2616659576599437,0.12385487418473921,0.24409878228872536,0.19070603686064425,0.15618860725995487,0.16168666635848167,0.22526613533720696,0.16571874995065602,0.127299415855532,0.1230088701717492,0.24627442557305992,0.09158286191962667,0.16742130600324834,0.20805508293569802,1.0000000000000013,0.23348640430536347,0.22352781145738468,0.11628236701114768,0.2147534924124779,0.1750095890586845,0.25747365435429687
realization,0.48621154471356537,0.39625024120095953,0.40834591573423645,0.6988832666088304,0.7197050431395116,0.531000083231492,0.7010294807641317,0.7114403466113314,0.3342610486885421,0.7257591167494387,0.6673781227041053,0.46595188734570897,0.4701993029485806,0.47456704153311197,0.4365835276617537,0.28538959933737224,0.29442273951978026,0.4386882715976791,0.2548044260913705,0.40718938219081147,0.42285562591144227,0.23348640430536347,0.9999999999999999,0.49589431478074597,0.2777907276908184,0.5239953728849636,0.5446365420866397,0.8207298588024188
relief,0.4095209771661605,0.2588230591413987,0.2604109322293854,0.4601121631187986,0.4958324496559337,0.5007450675248118,0.44275817364018333,0.45393699944865845,0.20836927870970795,0.48632059724107357,0.4363453389338802,0.3037217405213409,0.3186466984462756,0.35954199798074604,0.3148818936804049,0.34852792351413675,0.23447887827274264,0.563547546368635,0.16622387076824766,0.3156460123834501,0.3284829069705846,0.22352781145738468,0.49589431478074597,1.0000000000000004,0.20028910661654337,0.38842833316322617,0.33371683146875025,0.5029977621632972
remorse,0.16310596059310303,0.14458255942554268,0.14614430381635737,0.24733646378699972,0.2582938836149159,0.31177647461979946,0.2625156595399637,0.29413692010705,0.12908833443084178,0.3096362294793958,0.23219884091258924,0.18572356480745217,0.25218638637622887,0.16990954373538492,0.18648849244109175,0.1176409678925338,0.41891946644419975,0.18241149897081732,0.0759511497116804,0.18262605163731713,0.2096170328023452,0.11628236701114768,0.2777907276908184,0.20028910661654337,1.0,0.5744859410962778,0.17360683319990347,0.2576614773428847
sadness,0.359568059980121,0.2756469698335191,0.3235783148295232,0.529356294727685,0.5134711316098861,0.4960811397527981,0.4807062807397388,0.5186118099351884,0.2710463926569491,0.684457182295629,0.48229180524702764,0.3821102346184874,0.39272014304889696,0.3495592231565173,0.3704237813023539,0.1947746286065303,0.4725933349131726,0.3701973834517256,0.18811866945517405,0.38450576442218926,0.34841135368476744,0.2147534924124779,0.5239953728849636,0.38842833316322617,0.5744859410962778,0.9999999999999996,0.3247682523033935,0.5634359383506207
surprise,0.3695449554994299,0.24522331112256632,0.282252510046903,0.44749573788060626,0.43114358295180166,0.31635770911290334,0.42588107783118645,0.504041083754475,0.20471785807510984,0.4563792467054047,0.39119710084613835,0.3056599026793302,0.302575286266133,0.5070218744269424,0.30064928100190935,0.18227561800257944,0.19933874043356553,0.3012951757249166,0.15197788554295036,0.26036656223143084,0.2721682420934751,0.1750095890586845,0.5446365420866397,0.33371683146875025,0.17360683319990347,0.3247682523033935,1.0,0.5057688187474861
neutral,0.5366018798669733,0.407696891334905,0.520451515524263,0.8378128254217445,0.8229769956288971,0.6506218134472069,0.799128545639409,0.8137815482178896,0.39971961743140705,0.7951403644227626,0.8279141451735941,0.5227959232375918,0.49446323575179146,0.5069554330716607,0.47353543346634636,0.2478825006405968,0.3159480027517046,0.4679522085892442,0.2876939207470953,0.43697315415823196,0.49148226050424976,0.25747365435429687,0.8207298588024188,0.5029977621632972,0.2576614773428847,0.5634359383506207,0.5057688187474861,1.0
