emotion,train,validation,test
admiration,0.0,-0.52020300696273,-0.22703804176537334
amusement,0.0,0.22140447934144922,-0.49825356821818906
anger,0.0,-0.015959741645101,0.038657209231428985
annoyance,0.0,-0.10570908896078493,0.20651051227264863
approval,0.0,0.5462942466557861,-0.3026677256426927
caring,0.0,0.3157253976837998,-0.016469140132096757
confusion,0.0,-0.35002067141468135,-0.33211046816138157
curiosity,0.0,-0.47663807481837933,0.18586964840493284
desire,0.0,-0.057525036016830254,0.052771795887592184
disappointment,0.0,0.0807649875398369,-0.1409051901922722
disapproval,0.0,0.7235835750517554,0.26193229506311644
disgust,0.0,-0.03907912052958894,0.439677524227133
embarrassment,0.0,-0.05295346499016359,-0.0162195498231283
excitement,0.0,-0.1957259037492401,-0.0670672081757636
fear,0.0,0.28572488737284346,0.0643026134779531
gratitude,0.0,0.46563454789888203,0.3538604808000744
grief,0.0,0.06220868865113435,-0.06682016470668237
joy,0.0,-0.17492882181087757,-0.37820317644417617
love,0.0,-0.16103919349471502,-0.41986438332283355
nervousness,0.0,0.009232297877590423,0.046013756246283996
optimism,0.0,0.20980658026023766,-0.21471006329024517
pride,0.0,0.02074528664998518,0.03912073409094181
realization,0.0,-0.21643213165716996,0.11481154212555945
relief,0.0,-0.020717266248075843,-0.14976309932077056
remorse,0.0,-0.002245877668189712,-0.22359344081761717
sadness,0.0,-0.41913681368801714,-0.18007940792085023
surprise,0.0,-0.0643917326907998,0.15628682969243482
neutral,0.0,-0.20812960166111671,0.17282728134138114
