emotion,id,text,labels
admiration,ed8wbdn,Damn youtube and outrage drama is super lucrative for reddit,[0]
admiration,ednhqdr,Famous for his 3-4 Defense,[0]
amusement,edex4ki,"Aww... she'll probably come around eventually, I'm sure she was just jealous of [NAME]... I mean, what woman wouldn't be! lol ","[1, 4]"
amusement,ed7nnui,LOL. Super cute!,"[0, 1]"
anger,eezlygj,WHY THE FUCK IS BAYLESS ISOING,[2]
anger,edk0z9k,Fucking coward.,[2]
annoyance,ed0bdzj,Dirty Southern Wankers,[3]
annoyance,efdqav7,"[NAME] - same fucking problem, slightly better command of the English language.",[3]
approval,edex4ki,"Aww... she'll probably come around eventually, I'm sure she was just jealous of [NAME]... I mean, what woman wouldn't be! lol ","[1, 4]"
approval,eek294p,You can always kneel.,[4]
caring,efh7xnk,R/sleeptrain Might be time for some sleep training. Take a look and try to feel out what's right for your family.,[5]
caring,edhjzs4,Good for #70 to console the poor guy,"[0, 5]"
confusion,eel6g5h,Demographics? I don’t know anybody under 35 who has cable tv.,[6]
confusion,eczq8zg,Maybe that’s what happened to the great white at Houston zoo,"[6, 22]"
curiosity,ee7ujla,"Ok, then what the actual fuck is your plan?","[2, 7]"
curiosity,efanc6t,It's crazy how far Photoshop has come. Underwater bridges?!! NEVER!!!,"[7, 13]"
desire,ef4qmod,We need more boards and to create a bit more space for [NAME]. Then we’ll be good.,"[8, 20]"
desire,edycw66,Tournament was a blast met some really cool people loved it all. Thanks for holding it. Would love to do it again someday,"[0, 8, 15, 17]"
disappointment,efdlhs1,"I never thought it was at the same moment, but sometimes after [NAME] sacrifice... sounds logical","[6, 9, 27]"
disappointment,eeaae3c,"He was off by 5 minutes, not impressed. ",[9]
disapproval,eddo15s,"I wouldn't let a sweet potato dictate decisions, ever.",[10]
disapproval,edo2jop,This isn't really wholesome,[10]
disgust,efe7rga,youre a disgusting piece of filth.,[11]
disgust,edk1m7u,[NAME],[11]
embarrassment,edivtm3,"Shit, I guess I accidentally bought a Pay-Per-View boxing match","[3, 12]"
embarrassment,ee4tgim,i got a bump and a bald spot. i feel dumb <3,[12]
excitement,efanc6t,It's crazy how far Photoshop has come. Underwater bridges?!! NEVER!!!,"[7, 13]"
excitement,eeb757w,Very interesting. Thx,"[13, 15]"
fear,ed7ypvh,To make her feel threatened,[14]
fear,efennol,Your coaching is terrible.... be ready and see how [NAME] uses [NAME],[14]
gratitude,ee3b6wu,Yes I heard abt the f bombs! That has to be why. Thanks for your reply:) until then hubby and I will anxiously wait 😝,[15]
gratitude,eeqd04y,Thank you friend,[15]
grief,ee8mzwa,I miss them being alive,"[16, 25]"
grief,ed2wzm6,I read on a different post that he died shortly after of internal injuries.,"[16, 27]"
joy,efeu6uo,Happy to be able to help.,[17]
joy,ef2tb8h,It's because you play against 1000 ms ping EU players that have no idea what's going on. Happy hunting!,[17]
love,eexgn84,Thanks! I love watching him every week,"[15, 18]"
love,ednh28o,I love Rocket Love and Blasted. I just wonder who the songs were written for because these are all reference tracks except Acura Intergul,[18]
nervousness,edumf9e,same but with panic at the disco,[19]
nervousness,efh1hit,Stuff like this makes me worry a little less about the future generations.,[19]
optimism,ef4qmod,We need more boards and to create a bit more space for [NAME]. Then we’ll be good.,"[8, 20]"
optimism,edrbhky,It's true though. He either gets no shirt and freezes to death or wears a stupid looking butchers cape. I hope he gets something better next season,[20]
pride,eedummw,I am just like this! Glad to know I’m not imagining it.,[21]
pride,eczf6bu,So proud our sub is leaking into facebook,[21]
realization,eczq8zg,Maybe that’s what happened to the great white at Houston zoo,"[6, 22]"
realization,edq63yi,Sometimes life actually hands you lemons. We're just lucky that we have a proverbial phrase that gives us an idea of what we can do with them.,"[4, 22]"
relief,eeal39s,"Glad you feel better! My offer still stands though, if you need someone, I’m here",[23]
relief,ed9uejc,Omg so glad I’m not alone,"[17, 23]"
remorse,edzprws,"Apologies, I take it all back as I’ve just seen his latest effort",[24]
remorse,ef1rmz9,I'm sorry but as someone who travels alone I would be pissed if I was told I can't drink at the bar by myself.,"[3, 24]"
sadness,ee8mzwa,I miss them being alive,"[16, 25]"
sadness,ed0i62x,Pretty sure I’ve seen this. He swings away with the harness he is wearing. Still looks painful but I think he lives,[25]
surprise,edvnz26,OmG pEyToN iSn'T gOoD eNoUgH tO hElP uS iN tHe PlAyOfFs! Dumbass Broncos fans circa December 2015.,[26]
surprise,eedpaek,"Wow. I just read the synopsis, and that’s really what happens. ",[26]
neutral,eebbqej,My favourite food is anything I didn't have to cook myself.,[27]
neutral,ed00q6i,"Now if he does off himself, everyone will think hes having a laugh screwing with people instead of actually dead",[27]
