term,count
the,18003
i,16237
to,12600
a,12356
you,9901
and,9036
is,8472
that,8007
name,7905
it,7759
of,7121
this,6550
in,5824
for,5743
was,3972
my,3781
but,3678
be,3581
on,3551
have,3361
are,3287
with,3146
me,2866
they,2751
your,2695
he,2569
what,2562
if,2397
as,2170
at,2102
all,1971
about,1948
do,1930
one,1851
get,1831
we,1749
would,1726
can,1704
how,1668
out,1619
up,1553
from,1490
an,1489
or,1440
she,1401
when,1379
there,1343
her,1319
them,1283
him,1274
now,1271
his,1257
will,1250
some,1158
has,1157
see,1145
because,1077
who,1063
much,1018
why,1003
still,987
had,986
even,979
well,978
their,942
only,942
go,934
been,922
here,896
by,896
than,878
then,850
being,839
should,757
back,721
were,709
also,690
could,674
same,669
any,634
someone,633
those,630
other,625
something,612
am,609
though,605
off,563
first,562
always,552
its,552
after,550
over,538
us,534
these,534
take,508
into,495
our,494
made,492
before,471
where,461
down,457
ever,438
last,437
find,424
every,410
many,407
keep,403
everyone,395
anything,387
give,372
least,352
nothing,335
again,331
might,324
enough,321
which,321
around,319
anyone,316
both,314
such,313
while,311
please,310
already,289
another,288
two,286
next,282
show,281
since,278
yourself,276
seems,274
else,269
put,268
part,268
until,263
through,253
everything,243
without,242
done,241
few,239
call,237
own,235
yet,230
must,230
once,212
either,206
whole,204
may,199
myself,198
less,194
almost,193
found,166
sometimes,159
top,155
seem,150
move,145
together,133
between,133
rather,131
full,131
side,128
under,127
each,123
alone,122
others,109
mine,108
become,108
except,106
serious,105
nobody,104
anyway,102
cant,96
often,93
whatever,90
during,85
three,81
themselves,79
system,77
fire,74
behind,74
front,73
himself,69
mostly,65
due,65
cry,64
bottom,60
somehow,59
amount,59
somewhere,59
etc,58
otherwise,56
above,54
none,48
yours,48
along,48
within,48
however,47
interest,46
third,46
per,45
although,45
itself,44
indeed,43
across,40
anywhere,40
seemed,37
towards,35
several,35
five,34
re,33
besides,33
beyond,32
further,31
everywhere,30
herself,30
whenever,30
four,29
ten,28
whether,27
bill,25
becoming,25
whoever,25
below,25
became,23
upon,22
describe,22
nowhere,21
perhaps,21
hence,21
former,20
onto,18
ourselves,18
becomes,18
six,18
via,17
whose,16
among,15
fill,15
elsewhere,15
empty,14
thin,14
thick,14
un,14
de,14
therefore,14
afterwards,13
thus,13
ours,13
co,12
thru,12
detail,11
meanwhile,11
toward,10
sometime,10
hers,10
hundred,10
beforehand,9
throughout,8
con,7
twenty,7
latter,7
yourselves,7
couldnt,7
wherever,6
nine,6
twelve,6
eight,5
whom,5
whereas,4
beside,3
sincere,3
mill,3
hasnt,3
noone,3
ie,3
fifteen,3
amongst,3
nevertheless,2
anyhow,2
forty,2
eg,2
hereby,1
hereafter,1
seeming,1
ltd,1
inc,1
eleven,1
moreover,1
formerly,1
namely,1
