emotion,term,mean_tfidf
admiration,great,0.04826485853389339
admiration,good,0.04642987945149151
admiration,awesome,0.028495550287304078
admiration,amazing,0.02587562661003946
admiration,so,0.025146441193267973
admiration,nice,0.02283117713271812
admiration,best,0.018760052083346745
admiration,like,0.018266161958173873
admiration,pretty,0.01705122476517172
admiration,beautiful,0.016936996604766604
admiration,that's,0.015293396744438094
admiration,love,0.01464128635024849
admiration,really,0.013956365895141213
admiration,cute,0.012802211576552439
admiration,looks,0.012721470637941166
amusement,lol,0.13659682326676184
amusement,haha,0.04185215042866736
amusement,funny,0.037363348780771785
amusement,fun,0.024863061310552288
amusement,lmao,0.022773567525656777
amusement,just,0.018128838145105488
amusement,so,0.017334007155250842
amusement,like,0.016380675496630612
amusement,hilarious,0.01610167885946231
amusement,joke,0.015465501591886872
amusement,hahaha,0.015398382759394662
amusement,laugh,0.01470852612657961
amusement,it's,0.014040561294004526
amusement,not,0.012797776888131919
amusement,good,0.011710578592554791
anger,fuck,0.06200526445741357
anger,hate,0.04226215541484442
anger,fucking,0.03745949671941027
anger,just,0.017886917871750587
anger,people,0.016597009237671045
anger,damn,0.016232755125913958
anger,hell,0.015398535044965743
anger,stupid,0.014603984869858583
anger,like,0.01361037001425144
anger,not,0.012914636101671059
anger,no,0.012767474573137151
anger,shut,0.012434162862493133
anger,shit,0.012172415749760765
anger,don't,0.012095127847249164
anger,angry,0.011869852372060482
annoyance,not,0.019247556794963375
annoyance,just,0.01849212564296449
annoyance,so,0.017419836311757104
annoyance,people,0.017279376056694173
annoyance,like,0.016726732366495016
annoyance,damn,0.015309135131332974
annoyance,stupid,0.014931274310026074
annoyance,fucking,0.01390341963381249
annoyance,no,0.013279094571993838
annoyance,don't,0.013270839279795497
annoyance,it's,0.01293537665129545
annoyance,fuck,0.012232341399335277
annoyance,shit,0.011671807356563934
annoyance,hate,0.010249555323747155
annoyance,you're,0.010178729549646017
approval,agree,0.024168946403044022
approval,yes,0.020467535730459594
approval,like,0.01984737650437403
approval,right,0.01972269087226451
approval,yeah,0.017424179169805657
approval,good,0.016770786581239972
approval,it's,0.016711823850327174
approval,just,0.01655455817762971
approval,so,0.01599395676344383
approval,not,0.01394585163046344
approval,i'm,0.013368908091248372
approval,think,0.01245950511247456
approval,true,0.012119244796062453
approval,too,0.01167262052091177
approval,sure,0.011658007832200874
caring,good,0.029331262122538636
caring,luck,0.024323036131599963
caring,help,0.02314361682849543
caring,don't,0.019870613968117873
caring,better,0.019429909879749116
caring,just,0.0193207294981089
caring,worry,0.019021921318795168
caring,stay,0.018881343581851416
caring,best,0.01736907096561763
caring,feel,0.017042501774596354
caring,need,0.01656071667834441
caring,hope,0.016245810353776202
caring,i'm,0.016183874121576788
caring,not,0.015728223542602473
caring,care,0.01486706832157954
confusion,not,0.036393883145687776
confusion,don't,0.030761631207680377
confusion,know,0.029446215718773584
confusion,sure,0.028298433219208146
confusion,confused,0.022345697514963306
confusion,so,0.021510740103180676
confusion,i'm,0.01895686512632166
confusion,understand,0.016887014858166505
confusion,just,0.016519809847167645
confusion,like,0.01627982699086606
confusion,no,0.015966587221874128
confusion,mean,0.015163995201407503
confusion,did,0.015101329149871374
confusion,think,0.014652445113441903
confusion,don’t,0.013404492203067222
curiosity,did,0.025112896238216078
curiosity,curious,0.021784720679913553
curiosity,so,0.019165349642988994
curiosity,just,0.016621778735006094
curiosity,like,0.015889310674459176
curiosity,know,0.01585156291357556
curiosity,not,0.01483360974531551
curiosity,does,0.014466679440991961
curiosity,i'm,0.013192642332495551
curiosity,really,0.01171804986898889
curiosity,think,0.01010639261425737
curiosity,mean,0.00944413722770616
curiosity,right,0.009338367178886699
curiosity,people,0.009329723924102846
curiosity,what's,0.009135203008084042
desire,wish,0.13991658726598308
desire,want,0.0530253260542078
desire,need,0.026733854468525244
desire,like,0.024330788887902674
desire,hope,0.021641229696938772
desire,just,0.019897014500148243
desire,more,0.01962240183548229
desire,wanted,0.018300917384564956
desire,really,0.017995428483038818
desire,so,0.016865414621693216
desire,love,0.014519308710566154
desire,i'd,0.013172702085902498
desire,day,0.011441175329984427
desire,make,0.01137583651142414
desire,wanna,0.010354783048815607
disappointment,bad,0.030668669575866777
disappointment,so,0.02403408550935624
disappointment,not,0.01997351547125581
disappointment,just,0.01811820936575503
disappointment,really,0.015861603033842396
disappointment,like,0.015616133538248438
disappointment,i'm,0.015587625007436335
disappointment,no,0.01473746618275173
disappointment,too,0.013596866747862372
disappointment,miss,0.012351656390790708
disappointment,never,0.012045100584398687
disappointment,disappointed,0.011851255734340491
disappointment,game,0.011490374427763572
disappointment,it's,0.01116411334056808
disappointment,feel,0.010878310510656568
disapproval,not,0.05995361929032825
disapproval,no,0.040876473365393025
disapproval,don't,0.03180486997309599
disapproval,like,0.02124626864594917
disapproval,don’t,0.01817453785090422
disapproval,it's,0.017098194369567665
disapproval,just,0.016830725475818292
disapproval,think,0.016721432599708444
disapproval,people,0.014150468190214975
disapproval,that's,0.012869317225215811
disapproval,bad,0.012817294617144759
disapproval,so,0.01272777052454694
disapproval,can't,0.012057080521594465
disapproval,wrong,0.01176124498716607
disapproval,really,0.01087995137085053
disgust,disgusting,0.05510149974257949
disgust,worst,0.03734603456332506
disgust,awful,0.03710612693770201
disgust,worse,0.029238137777383644
disgust,weird,0.027575998158865463
disgust,it's,0.018340491785778613
disgust,so,0.01704421600646468
disgust,bad,0.016270777732095683
disgust,just,0.015442661995379345
disgust,like,0.014551527948744352
disgust,people,0.01411926193346952
disgust,horrible,0.01356160648411459
disgust,nasty,0.013513630481164487
disgust,hate,0.012080880915018395
disgust,not,0.011691722191473897
embarrassment,embarrassing,0.0566438134246658
embarrassment,shame,0.052537888322486806
embarrassment,awkward,0.042793441330810686
embarrassment,ashamed,0.0232215929950167
embarrassment,just,0.0226115315079166
embarrassment,embarrassment,0.021536994705927136
embarrassment,weird,0.01963748302120047
embarrassment,embarrassed,0.019127493191447253
embarrassment,so,0.019100527099954613
embarrassment,it's,0.01812059230966858
embarrassment,it’s,0.017975458381258202
embarrassment,bad,0.017401352185339787
embarrassment,feel,0.016411292185158417
embarrassment,oh,0.01582663505681088
embarrassment,know,0.01555507397146758
excitement,excited,0.04553612274249022
excitement,happy,0.041050669090156346
excitement,wow,0.031616318877485936
excitement,interesting,0.026349731869471437
excitement,wait,0.022946969512673242
excitement,cake,0.022479252574666823
excitement,day,0.021665060009960366
excitement,so,0.021013806512802893
excitement,new,0.01982668775122539
excitement,oh,0.015279388154880776
excitement,it's,0.014907040355332584
excitement,amazing,0.01443334317904592
excitement,year,0.01413460848975274
excitement,birthday,0.013863977655985037
excitement,got,0.013593325360873683
fear,scared,0.04844425136957131
fear,terrible,0.040816324780331745
fear,afraid,0.03929077523673459
fear,scary,0.03662155302388518
fear,horrible,0.031178040487951524
fear,terrifying,0.029238728260888285
fear,i'm,0.02424751990412331
fear,fear,0.02006341028788583
fear,so,0.01796558835080358
fear,i’m,0.01723565911635352
fear,cringe,0.016339136968953536
fear,dangerous,0.014937112635359906
fear,worried,0.014366168238491303
fear,it's,0.014044959159410316
fear,like,0.013545304362992219
gratitude,thanks,0.16122271261089954
gratitude,thank,0.15203176830434992
gratitude,so,0.025324764864819937
gratitude,good,0.01936389274273087
gratitude,sharing,0.014743762726742335
gratitude,appreciate,0.01418232106057027
gratitude,i'm,0.014035968280460871
gratitude,welcome,0.013535656191333645
gratitude,i'll,0.013147946939476168
gratitude,glad,0.012766528366009283
gratitude,very,0.012683714654499103
gratitude,just,0.012603906129001344
gratitude,know,0.011740637483956543
gratitude,not,0.011235357528054052
gratitude,really,0.010740967670631773
grief,died,0.08535007156619552
grief,loss,0.06258092467205682
grief,sorry,0.06240840107912824
grief,rip,0.058733507494195085
grief,death,0.03560680268853267
grief,condolences,0.031799586891084704
grief,dead,0.031112694892074612
grief,family,0.025853497870493167
grief,miss,0.02521067112048704
grief,so,0.02365686680246032
grief,i'm,0.023583527750024803
grief,heart,0.02268172588914385
grief,peace,0.020949226718263603
grief,years,0.020701933496686222
grief,lost,0.018845544350105076
joy,happy,0.08460507680781473
joy,glad,0.06299948054224319
joy,so,0.034479806826283516
joy,enjoy,0.03264680869160905
joy,i'm,0.03023294941179006
joy,fun,0.02879131845192119
joy,day,0.021738572645875028
joy,good,0.018615799766560994
joy,i’m,0.01837320600021014
joy,just,0.016691147034869364
joy,like,0.016052612080741296
joy,makes,0.014410759591524602
joy,it's,0.014110311899599985
joy,cake,0.013735586948520246
joy,cheers,0.012575316871070412
love,love,0.2335219055238419
love,like,0.053494825304642904
love,loved,0.023457844076784015
love,so,0.023017897937534816
love,favorite,0.01561716957698029
love,just,0.013743503537028589
love,really,0.013686917589952803
love,too,0.011909260097421989
love,loves,0.011275702288819483
love,i'd,0.009478091474470079
love,not,0.009130993064220683
love,more,0.008576541692958286
love,good,0.008354681330149391
love,people,0.007711634694895559
love,man,0.007421382027829077
nervousness,worried,0.06334911255238913
nervousness,nervous,0.055510834007002324
nervousness,anxiety,0.04886946270105049
nervousness,i'm,0.037702375884327
nervousness,so,0.030732962994386707
nervousness,just,0.025651782483819628
nervousness,anxious,0.023855685966736446
nervousness,edgy,0.023745280075873693
nervousness,worrying,0.019542471830110233
nervousness,worry,0.017585556336303536
nervousness,makes,0.016385482482837013
nervousness,very,0.016184705376306164
nervousness,like,0.015616341096354985
nervousness,i’m,0.01546734410811427
nervousness,feel,0.012879185874256483
optimism,hope,0.1106305905369878
optimism,good,0.032833992963054066
optimism,luck,0.031939233382637655
optimism,hopefully,0.024585334827412757
optimism,just,0.01881041460485478
optimism,hoping,0.01752122648100356
optimism,better,0.01721067615819081
optimism,so,0.016607920507991543
optimism,really,0.015247011799705033
optimism,not,0.014190950706551117
optimism,i'm,0.01403883018292596
optimism,time,0.013617865938459728
optimism,best,0.013375649727997005
optimism,more,0.013167286302066568
optimism,like,0.012584203515425637
pride,proud,0.20896316156237316
pride,so,0.04153363934325392
pride,i'm,0.03582150614263766
pride,i’m,0.03474759600786599
pride,pride,0.02988498331650099
pride,did,0.027572044839242908
pride,man,0.025789363372730863
pride,congrats,0.018018744651834718
pride,just,0.017091473021591187
pride,look,0.015083337672424832
pride,i've,0.013077360271768793
pride,hope,0.012753938806151804
pride,not,0.012745968783983862
pride,better,0.012353343338986928
pride,happy,0.012157091691621385
realization,not,0.02131650086070469
realization,realize,0.02073691472364979
realization,so,0.019736662866235946
realization,just,0.01908523611786909
realization,thought,0.01894025999070868
realization,know,0.01798154783899544
realization,like,0.016906137794579328
realization,oh,0.016172991396012484
realization,realized,0.015346719853936586
realization,too,0.013818284284249095
realization,didn't,0.013617648504298597
realization,it's,0.013337620889250307
realization,never,0.013064713621917507
realization,think,0.012862072948781644
realization,time,0.01270672718018791
relief,glad,0.07822074697965216
relief,so,0.0411323230716297
relief,i’m,0.03641146038970029
relief,thank,0.03287675299784296
relief,not,0.024389534587978164
relief,i'm,0.023889663566094434
relief,good,0.02368184125096115
relief,god,0.02250069223601835
relief,feel,0.021602995176959114
relief,relieved,0.02100698394988643
relief,better,0.02025753428379102
relief,relief,0.020223367388775452
relief,cool,0.01988678593943758
relief,just,0.018180164473718747
relief,finally,0.017952159380075026
remorse,sorry,0.2627339199783762
remorse,i'm,0.04207191411701644
remorse,i’m,0.0378744006938871
remorse,so,0.034972408952668614
remorse,regret,0.024393695830040498
remorse,just,0.016272256787426904
remorse,oh,0.015350452504400565
remorse,not,0.015119875095248196
remorse,apologies,0.013670890271771343
remorse,bad,0.013156644157324695
remorse,happened,0.011804487342687686
remorse,loss,0.01176145289193596
remorse,hope,0.011740587161546565
remorse,apologize,0.01170486597296355
remorse,like,0.011413755211084228
sadness,sad,0.06267386069395933
sadness,sorry,0.04934605283694788
sadness,so,0.034050968227277066
sadness,i'm,0.027431920209178697
sadness,bad,0.021565999987956472
sadness,feel,0.020472110500237936
sadness,sadly,0.018793541590581813
sadness,miss,0.018724798387071626
sadness,i’m,0.016459062846642055
sadness,poor,0.016369830692551608
sadness,not,0.01614098592193803
sadness,just,0.015591222235100132
sadness,hurts,0.014737102413734398
sadness,too,0.014318682075814309
sadness,crying,0.013021311899245484
surprise,wow,0.07226496143894282
surprise,surprised,0.04774024596493662
surprise,oh,0.044217788894675314
surprise,wonder,0.029139466658308716
surprise,omg,0.02797242507222923
surprise,i'm,0.016630727836098442
surprise,so,0.01628546458938716
surprise,believe,0.015467497038037096
surprise,wondering,0.0148312878905687
surprise,never,0.014195676356195558
surprise,just,0.013948679203042554
surprise,know,0.01386349907828253
surprise,shocked,0.013858939096723108
surprise,really,0.013856135454232824
surprise,surprise,0.013631906429314191
neutral,not,0.019653395964824686
neutral,just,0.01696489835193147
neutral,like,0.01570280519661677
neutral,no,0.012858107271568876
neutral,so,0.012063847610250701
neutral,people,0.01002199912104561
neutral,it's,0.009289561216612547
neutral,think,0.009070626814341514
neutral,too,0.00833829212232204
neutral,don't,0.008243518222452277
neutral,know,0.008232996902018537
neutral,more,0.007835978805852519
neutral,time,0.007620503982335058
neutral,oh,0.007011276977384353
neutral,got,0.00698457499589022
