emotion,term,count
admiration,good,632
admiration,great,578
admiration,so,450
admiration,like,322
admiration,awesome,263
admiration,amazing,256
admiration,love,223
admiration,best,222
admiration,nice,220
admiration,just,216
admiration,it's,210
admiration,pretty,210
admiration,really,206
admiration,that's,201
admiration,beautiful,149
admiration,very,148
admiration,not,142
admiration,looks,139
admiration,wow,125
admiration,cool,121
admiration,too,121
admiration,i'm,119
admiration,thanks,110
admiration,think,108
admiration,cute,107
admiration,man,106
admiration,appreciate,100
admiration,thank,100
admiration,that’s,97
admiration,people,95
admiration,more,95
admiration,look,95
admiration,no,92
admiration,know,89
admiration,time,88
admiration,game,88
admiration,actually,85
admiration,job,83
admiration,you're,79
admiration,it’s,77
admiration,he's,77
admiration,better,75
admiration,thing,75
admiration,interesting,73
admiration,work,73
admiration,way,73
admiration,guy,72
admiration,oh,71
admiration,right,68
admiration,got,65
amusement,lol,995
amusement,haha,267
amusement,funny,215
amusement,just,206
amusement,so,196
amusement,like,183
amusement,not,153
amusement,fun,148
amusement,it's,132
amusement,lmao,128
amusement,good,97
amusement,people,92
amusement,i'm,89
amusement,no,86
amusement,too,83
amusement,really,81
amusement,got,80
amusement,joke,79
amusement,hilarious,79
amusement,think,78
amusement,laugh,77
amusement,actually,76
amusement,love,73
amusement,it’s,68
amusement,know,68
amusement,that's,67
amusement,hahaha,67
amusement,time,65
amusement,i’m,64
amusement,more,62
amusement,oh,59
amusement,yeah,58
amusement,make,50
amusement,right,48
amusement,don't,48
amusement,pretty,47
amusement,thanks,46
amusement,say,45
amusement,thought,45
amusement,did,45
amusement,man,43
amusement,laughed,43
amusement,you're,42
amusement,thing,42
amusement,that’s,41
amusement,game,38
amusement,ha,37
amusement,look,36
amusement,very,35
amusement,laughing,35
anger,fuck,224
anger,hate,160
anger,fucking,149
anger,just,134
anger,people,116
anger,not,107
anger,like,105
anger,no,86
anger,so,84
anger,don't,69
anger,it's,62
anger,stupid,60
anger,shit,55
anger,hell,54
anger,damn,52
anger,stop,46
anger,angry,44
anger,more,44
anger,i'm,41
anger,you're,37
anger,man,36
anger,don’t,35
anger,shut,35
anger,dare,35
anger,time,34
anger,really,33
anger,too,32
anger,think,32
anger,right,31
anger,want,29
anger,yeah,28
anger,know,27
anger,oh,27
anger,make,26
anger,need,26
anger,it’s,26
anger,i’m,25
anger,kill,24
anger,can't,24
anger,way,24
anger,guy,24
anger,most,24
anger,idiot,23
anger,never,23
anger,say,23
anger,bad,22
anger,that's,22
anger,sucks,22
anger,you’re,22
anger,old,22
annoyance,not,249
annoyance,just,237
annoyance,so,218
annoyance,like,207
annoyance,people,183
annoyance,no,145
annoyance,it's,143
annoyance,don't,130
annoyance,fucking,103
annoyance,stupid,97
annoyance,i'm,91
annoyance,you're,90
annoyance,fuck,87
annoyance,damn,87
annoyance,shit,86
annoyance,time,85
annoyance,really,82
annoyance,too,81
annoyance,think,76
annoyance,more,75
annoyance,it’s,71
annoyance,don’t,71
annoyance,hate,69
annoyance,that's,68
annoyance,way,66
annoyance,know,63
annoyance,stop,59
annoyance,bad,59
annoyance,make,57
annoyance,can't,57
annoyance,weird,55
annoyance,want,54
annoyance,say,54
annoyance,feel,54
annoyance,hell,52
annoyance,game,47
annoyance,i’m,47
annoyance,oh,47
annoyance,right,47
annoyance,annoying,46
annoyance,going,45
annoyance,got,45
annoyance,thing,45
annoyance,yeah,45
annoyance,good,44
annoyance,dumb,42
annoyance,did,41
annoyance,sucks,41
annoyance,actually,41
annoyance,never,40
approval,like,259
approval,just,249
approval,so,217
approval,not,211
approval,it's,209
approval,right,176
approval,good,173
approval,agree,173
approval,yes,159
approval,yeah,157
approval,i'm,154
approval,think,139
approval,more,131
approval,people,127
approval,that's,117
approval,too,115
approval,sure,111
approval,no,111
approval,know,108
approval,don't,101
approval,better,93
approval,really,93
approval,very,92
approval,it’s,90
approval,true,86
approval,you're,83
approval,way,78
approval,love,78
approval,time,72
approval,pretty,71
approval,ok,67
approval,i’m,66
approval,look,65
approval,got,62
approval,make,62
approval,feel,60
approval,never,60
approval,want,59
approval,did,57
approval,actually,56
approval,say,56
approval,definitely,55
approval,best,54
approval,makes,53
approval,need,53
approval,exactly,51
approval,great,51
approval,you’re,50
approval,things,50
approval,point,49
caring,good,103
caring,just,103
caring,not,89
caring,don't,84
caring,so,81
caring,better,66
caring,help,66
caring,i'm,65
caring,feel,60
caring,like,60
caring,need,58
caring,luck,57
caring,best,57
caring,hope,57
caring,don’t,49
caring,worry,47
caring,stay,47
caring,life,45
caring,it's,44
caring,more,43
caring,time,42
caring,no,42
caring,sorry,42
caring,care,41
caring,love,40
caring,you're,38
caring,day,37
caring,people,37
caring,make,34
caring,try,33
caring,safe,33
caring,too,33
caring,know,33
caring,want,32
caring,think,31
caring,man,31
caring,dude,31
caring,really,31
caring,got,28
caring,i’m,28
caring,happy,25
caring,strong,25
caring,glad,25
caring,careful,24
caring,things,24
caring,going,24
caring,friend,24
caring,way,24
caring,wish,23
caring,bless,23
confusion,not,249
confusion,don't,149
confusion,know,145
confusion,so,143
confusion,sure,128
confusion,just,114
confusion,like,104
confusion,i'm,102
confusion,no,90
confusion,think,80
confusion,people,77
confusion,confused,72
confusion,did,65
confusion,understand,63
confusion,it's,60
confusion,don’t,57
confusion,maybe,55
confusion,really,54
confusion,i’m,49
confusion,mean,49
confusion,does,48
confusion,time,43
confusion,more,43
confusion,idea,43
confusion,thought,42
confusion,right,41
confusion,never,38
confusion,that's,34
confusion,idk,31
confusion,too,30
confusion,you're,29
confusion,can't,28
confusion,post,28
confusion,yeah,27
confusion,thing,27
confusion,very,27
confusion,actually,27
confusion,going,27
confusion,good,27
confusion,say,26
confusion,point,25
confusion,dont,25
confusion,guess,25
confusion,got,25
confusion,isn't,24
confusion,game,24
confusion,want,23
confusion,it’s,23
confusion,wait,23
confusion,question,22
curiosity,so,185
curiosity,just,179
curiosity,did,176
curiosity,not,164
curiosity,like,149
curiosity,know,126
curiosity,i'm,120
curiosity,curious,118
curiosity,does,94
curiosity,think,87
curiosity,people,87
curiosity,really,87
curiosity,no,80
curiosity,it's,65
curiosity,right,65
curiosity,more,60
curiosity,i’m,56
curiosity,don't,55
curiosity,time,53
curiosity,want,53
curiosity,mean,52
curiosity,oh,52
curiosity,interesting,49
curiosity,love,44
curiosity,thing,44
curiosity,good,42
curiosity,what's,42
curiosity,wait,41
curiosity,got,40
curiosity,that's,39
curiosity,make,39
curiosity,going,38
curiosity,lol,37
curiosity,never,34
curiosity,happened,34
curiosity,you're,34
curiosity,maybe,32
curiosity,can't,32
curiosity,sorry,31
curiosity,actually,31
curiosity,didn't,30
curiosity,new,30
curiosity,wonder,30
curiosity,tell,30
curiosity,say,30
curiosity,guys,30
curiosity,game,29
curiosity,work,29
curiosity,point,29
curiosity,feel,28
desire,wish,231
desire,want,106
desire,like,77
desire,just,65
desire,so,55
desire,need,51
desire,more,49
desire,hope,48
desire,really,44
desire,love,37
desire,not,34
desire,wanted,28
desire,i'm,27
desire,people,26
desire,make,25
desire,i'd,25
desire,good,23
desire,day,23
desire,know,23
desire,time,20
desire,it's,20
desire,too,19
desire,no,19
desire,i’m,18
desire,wanna,15
desire,better,14
desire,thing,14
desire,think,13
desire,life,13
desire,makes,13
desire,i've,13
desire,help,12
desire,bad,12
desire,got,11
desire,that's,11
desire,hear,11
desire,great,11
desire,right,11
desire,dream,11
desire,play,11
desire,year,11
desire,watch,11
desire,hard,10
desire,wants,10
desire,new,10
desire,game,10
desire,hoping,10
desire,look,9
desire,needs,9
desire,going,9
disappointment,so,147
disappointment,not,126
disappointment,just,120
disappointment,bad,119
disappointment,like,102
disappointment,really,86
disappointment,no,81
disappointment,i'm,81
disappointment,too,64
disappointment,it's,62
disappointment,never,52
disappointment,people,51
disappointment,more,49
disappointment,feel,49
disappointment,game,48
disappointment,got,45
disappointment,it’s,44
disappointment,good,44
disappointment,know,41
disappointment,time,41
disappointment,don't,38
disappointment,can't,37
disappointment,didn't,35
disappointment,disappointed,35
disappointment,oh,34
disappointment,think,34
disappointment,i’m,34
disappointment,did,34
disappointment,lost,33
disappointment,miss,32
disappointment,that's,30
disappointment,work,29
disappointment,pretty,29
disappointment,very,29
disappointment,damn,28
disappointment,going,28
disappointment,unfortunately,27
disappointment,disappointing,27
disappointment,make,26
disappointment,hard,26
disappointment,want,26
disappointment,thought,25
disappointment,sorry,25
disappointment,worse,24
disappointment,thing,23
disappointment,poor,22
disappointment,team,22
disappointment,upset,22
disappointment,sad,22
disappointment,hurt,22
disapproval,not,548
disapproval,no,302
disapproval,don't,236
disapproval,like,205
disapproval,just,176
disapproval,it's,155
disapproval,think,132
disapproval,so,130
disapproval,people,128
disapproval,don’t,115
disapproval,really,90
disapproval,that's,90
disapproval,bad,81
disapproval,can't,78
disapproval,i'm,76
disapproval,good,76
disapproval,more,67
disapproval,wrong,66
disapproval,know,64
disapproval,never,64
disapproval,want,61
disapproval,doesn't,61
disapproval,way,55
disapproval,too,54
disapproval,say,53
disapproval,isn't,52
disapproval,need,49
disapproval,you're,47
disapproval,dont,44
disapproval,that’s,44
disapproval,yeah,43
disapproval,make,43
disapproval,didn't,42
disapproval,going,42
disapproval,time,41
disapproval,i’m,40
disapproval,right,39
disapproval,very,38
disapproval,hate,38
disapproval,thing,38
disapproval,believe,37
disapproval,got,35
disapproval,most,35
disapproval,man,35
disapproval,said,34
disapproval,nope,34
disapproval,stop,33
disapproval,he's,32
disapproval,did,32
disapproval,mean,31
disgust,disgusting,99
disgust,worst,70
disgust,it's,68
disgust,just,64
disgust,so,64
disgust,awful,63
disgust,weird,63
disgust,like,61
disgust,worse,59
disgust,not,53
disgust,people,53
disgust,bad,38
disgust,that's,29
disgust,i'm,29
disgust,no,28
disgust,it’s,27
disgust,really,27
disgust,hate,27
disgust,more,26
disgust,feel,25
disgust,terrible,24
disgust,oh,23
disgust,think,23
disgust,shit,22
disgust,too,22
disgust,i've,21
disgust,time,21
disgust,ugly,20
disgust,horrible,20
disgust,you're,20
disgust,fuck,20
disgust,nasty,20
disgust,creepy,20
disgust,looks,19
disgust,thing,19
disgust,way,19
disgust,good,18
disgust,yeah,18
disgust,that’s,18
disgust,gross,17
disgust,right,17
disgust,know,17
disgust,better,16
disgust,seen,16
disgust,don't,16
disgust,look,15
disgust,man,15
disgust,getting,14
disgust,damn,13
disgust,fucking,13
embarrassment,shame,38
embarrassment,just,36
embarrassment,embarrassing,36
embarrassment,awkward,32
embarrassment,so,31
embarrassment,it's,25
embarrassment,like,20
embarrassment,not,20
embarrassment,know,19
embarrassment,it’s,19
embarrassment,feel,17
embarrassment,i'm,17
embarrassment,weird,17
embarrassment,ashamed,14
embarrassment,embarrassed,14
embarrassment,no,14
embarrassment,embarrassment,13
embarrassment,oh,13
embarrassment,bad,13
embarrassment,really,12
embarrassment,sorry,12
embarrassment,more,11
embarrassment,got,10
embarrassment,don't,10
embarrassment,that's,10
embarrassment,people,10
embarrassment,make,9
embarrassment,man,9
embarrassment,say,9
embarrassment,too,9
embarrassment,i’m,9
embarrassment,thing,8
embarrassment,pretty,8
embarrassment,don’t,8
embarrassment,forgot,8
embarrassment,time,7
embarrassment,thought,7
embarrassment,uncomfortable,7
embarrassment,did,6
embarrassment,wrong,6
embarrassment,oops,6
embarrassment,used,6
embarrassment,second,6
embarrassment,hate,6
embarrassment,super,6
embarrassment,never,6
embarrassment,didn't,6
embarrassment,actually,6
embarrassment,feeling,6
embarrassment,look,6
excitement,excited,92
excitement,happy,87
excitement,so,79
excitement,wow,69
excitement,just,56
excitement,like,52
excitement,interesting,51
excitement,it's,50
excitement,wait,49
excitement,day,48
excitement,new,48
excitement,i'm,46
excitement,i’m,40
excitement,really,40
excitement,got,38
excitement,oh,37
excitement,year,35
excitement,cake,34
excitement,good,34
excitement,more,32
excitement,love,28
excitement,that's,28
excitement,time,27
excitement,too,27
excitement,not,26
excitement,game,26
excitement,can't,25
excitement,amazing,25
excitement,omg,24
excitement,very,22
excitement,birthday,22
excitement,crazy,20
excitement,awesome,20
excitement,yeah,19
excitement,that’s,19
excitement,can’t,19
excitement,people,19
excitement,going,19
excitement,did,18
excitement,cool,17
excitement,yes,17
excitement,way,16
excitement,years,16
excitement,great,16
excitement,never,15
excitement,no,15
excitement,getting,15
excitement,man,15
excitement,know,15
excitement,think,15
fear,scared,67
fear,i'm,66
fear,terrible,59
fear,afraid,54
fear,so,51
fear,scary,45
fear,horrible,41
fear,like,40
fear,just,38
fear,it's,36
fear,not,33
fear,terrifying,33
fear,i’m,33
fear,fear,26
fear,really,24
fear,too,24
fear,more,23
fear,people,23
fear,worried,20
fear,cringe,20
fear,no,18
fear,don't,18
fear,sounds,18
fear,dangerous,17
fear,oh,17
fear,time,17
fear,it’s,17
fear,think,17
fear,right,17
fear,very,17
fear,never,16
fear,makes,16
fear,creepy,16
fear,did,14
fear,that's,14
fear,know,14
fear,yeah,14
fear,i've,14
fear,make,13
fear,going,13
fear,pretty,11
fear,that’s,11
fear,scares,11
fear,got,11
fear,things,11
fear,thing,11
fear,horrifying,11
fear,feel,10
fear,imagine,10
fear,gonna,10
gratitude,thanks,1228
gratitude,thank,1032
gratitude,so,280
gratitude,good,176
gratitude,just,165
gratitude,i'm,158
gratitude,not,147
gratitude,know,109
gratitude,very,103
gratitude,really,99
gratitude,glad,98
gratitude,like,96
gratitude,i’m,94
gratitude,i'll,89
gratitude,too,86
gratitude,sharing,85
gratitude,appreciate,83
gratitude,time,80
gratitude,great,73
gratitude,love,71
gratitude,oh,68
gratitude,lol,68
gratitude,welcome,66
gratitude,it's,65
gratitude,try,65
gratitude,no,61
gratitude,more,60
gratitude,hope,60
gratitude,advice,59
gratitude,man,59
gratitude,think,57
gratitude,yeah,55
gratitude,best,54
gratitude,that's,53
gratitude,luck,53
gratitude,congrats,53
gratitude,happy,51
gratitude,going,50
gratitude,day,49
gratitude,better,48
gratitude,new,48
gratitude,help,47
gratitude,right,47
gratitude,lot,47
gratitude,post,46
gratitude,didn't,46
gratitude,nice,45
gratitude,way,45
gratitude,i’ll,45
gratitude,people,44
grief,died,15
grief,sorry,14
grief,loss,9
grief,rip,9
grief,so,7
grief,not,7
grief,years,6
grief,i'm,6
grief,death,6
grief,dead,6
grief,family,5
grief,miss,4
grief,condolences,4
grief,never,4
grief,just,4
grief,lost,4
grief,i’m,4
grief,he's,4
grief,peace,4
grief,it's,4
grief,heart,4
grief,like,3
grief,ago,3
grief,friend,3
grief,good,3
grief,too,3
grief,very,3
grief,hear,3
grief,man,3
grief,better,3
grief,today,3
grief,away,3
grief,actually,3
grief,feel,3
grief,probably,3
grief,oh,3
grief,people,3
grief,alive,2
grief,2,2
grief,went,2
grief,sad,2
grief,kill,2
grief,save,2
grief,rest,2
grief,glad,2
grief,doing,2
grief,bad,2
grief,more,2
grief,said,2
grief,sooner,2
joy,happy,327
joy,glad,255
joy,so,226
joy,i'm,171
joy,enjoy,120
joy,just,120
joy,like,108
joy,fun,103
joy,good,100
joy,it's,89
joy,i’m,87
joy,not,84
joy,day,81
joy,love,70
joy,really,69
joy,makes,60
joy,too,58
joy,got,57
joy,more,48
joy,time,46
joy,very,42
joy,new,41
joy,did,41
joy,know,39
joy,enjoyed,39
joy,great,37
joy,cake,37
joy,no,35
joy,cheers,35
joy,year,34
joy,that's,34
joy,people,32
joy,hope,32
joy,game,32
joy,hear,32
joy,haha,32
joy,lol,31
joy,think,30
joy,feel,30
joy,don't,30
joy,life,29
joy,nice,29
joy,way,28
joy,oh,28
joy,awesome,28
joy,thing,28
joy,going,27
joy,you're,27
joy,cool,26
joy,funny,26
love,love,1474
love,like,353
love,so,209
love,just,144
love,loved,119
love,not,96
love,really,96
love,favorite,80
love,too,78
love,more,65
love,good,65
love,i'm,64
love,people,64
love,it's,59
love,loves,56
love,no,55
love,i'd,53
love,man,48
love,think,46
love,i’m,44
love,know,41
love,guy,37
love,time,37
love,game,37
love,don't,36
love,hope,35
love,want,35
love,way,34
love,thanks,33
love,that's,33
love,thing,33
love,actually,33
love,great,32
love,oh,31
love,got,30
love,never,30
love,happy,30
love,it’s,30
love,lol,29
love,new,29
love,cute,29
love,work,28
love,i’d,28
love,loving,28
love,day,27
love,sub,26
love,hate,26
love,feel,25
love,going,25
love,best,25
nervousness,i'm,28
nervousness,worried,24
nervousness,just,22
nervousness,so,22
nervousness,anxiety,19
nervousness,nervous,17
nervousness,like,13
nervousness,not,11
nervousness,makes,10
nervousness,anxious,9
nervousness,i’m,9
nervousness,worry,8
nervousness,very,8
nervousness,feel,8
nervousness,worrying,7
nervousness,more,7
nervousness,it's,7
nervousness,too,6
nervousness,know,6
nervousness,think,6
nervousness,really,6
nervousness,people,5
nervousness,yeah,5
nervousness,hell,5
nervousness,no,5
nervousness,day,5
nervousness,edgy,5
nervousness,right,5
nervousness,don't,5
nervousness,never,4
nervousness,sure,4
nervousness,heart,4
nervousness,that’s,4
nervousness,time,4
nervousness,scary,4
nervousness,pick,4
nervousness,didnt,4
nervousness,saw,4
nervousness,got,4
nervousness,looking,4
nervousness,stop,4
nervousness,point,4
nervousness,getting,4
nervousness,gives,4
nervousness,depression,4
nervousness,im,4
nervousness,sub,4
nervousness,happen,4
nervousness,panic,3
nervousness,pretty,3
optimism,hope,559
optimism,good,196
optimism,just,149
optimism,luck,129
optimism,so,125
optimism,not,116
optimism,like,101
optimism,hopefully,98
optimism,really,98
optimism,i'm,97
optimism,better,91
optimism,more,87
optimism,time,77
optimism,it's,75
optimism,think,73
optimism,hoping,69
optimism,best,68
optimism,too,65
optimism,wish,58
optimism,love,55
optimism,going,54
optimism,people,53
optimism,no,52
optimism,probably,51
optimism,i’m,51
optimism,know,47
optimism,you're,46
optimism,year,45
optimism,don't,44
optimism,day,42
optimism,soon,42
optimism,great,40
optimism,help,40
optimism,man,40
optimism,life,39
optimism,make,39
optimism,feel,39
optimism,maybe,39
optimism,way,38
optimism,try,38
optimism,sure,38
optimism,right,37
optimism,that's,37
optimism,need,36
optimism,i'll,36
optimism,work,36
optimism,never,35
optimism,years,34
optimism,sorry,32
optimism,things,32
pride,proud,48
pride,so,20
pride,i'm,15
pride,i’m,12
pride,just,8
pride,not,7
pride,pride,7
pride,did,5
pride,hope,5
pride,man,5
pride,happy,5
pride,look,5
pride,like,4
pride,hit,4
pride,it's,4
pride,i've,4
pride,never,4
pride,very,4
pride,you're,4
pride,better,4
pride,best,4
pride,super,4
pride,congrats,4
pride,glad,3
pride,help,3
pride,won,3
pride,hard,3
pride,no,3
pride,guy,3
pride,im,3
pride,don't,3
pride,awesome,3
pride,congratulations,3
pride,too,3
pride,thing,3
pride,jersey,3
pride,got,3
pride,work,3
pride,make,3
pride,year,3
pride,today,3
pride,years,3
pride,know,2
pride,twice,2
pride,game,2
pride,need,2
pride,good,2
pride,school,2
pride,single,2
pride,wow,2
realization,not,125
realization,just,110
realization,so,108
realization,like,92
realization,know,75
realization,it's,67
realization,thought,65
realization,realize,61
realization,too,58
realization,time,57
realization,no,56
realization,i'm,56
realization,think,55
realization,oh,53
realization,never,51
realization,people,49
realization,didn't,46
realization,really,44
realization,realized,39
realization,right,38
realization,that's,38
realization,years,34
realization,yeah,34
realization,did,32
realization,thing,31
realization,more,31
realization,actually,30
realization,got,30
realization,wrong,30
realization,remember,29
realization,don't,28
realization,didn’t,26
realization,i’m,26
realization,it’s,25
realization,going,24
realization,forgot,24
realization,good,24
realization,lol,24
realization,that’s,23
realization,better,23
realization,bad,23
realization,way,23
realization,make,23
realization,i've,22
realization,wow,22
realization,ago,22
realization,thanks,21
realization,noticed,21
realization,i’ve,20
realization,maybe,19
relief,glad,36
relief,so,30
relief,i’m,18
relief,not,17
relief,thank,17
relief,just,16
relief,i'm,15
relief,good,13
relief,feel,12
relief,like,11
relief,better,10
relief,no,9
relief,god,9
relief,people,8
relief,cool,7
relief,it's,7
relief,know,7
relief,finally,7
relief,got,7
relief,oh,7
relief,don't,7
relief,relief,6
relief,relieved,6
relief,really,6
relief,day,5
relief,never,5
relief,you’re,5
relief,ok,5
relief,relax,5
relief,way,5
relief,thing,5
relief,safe,5
relief,didn’t,5
relief,don’t,5
relief,it’s,4
relief,bad,4
relief,man,4
relief,that's,4
relief,lol,4
relief,worry,4
relief,time,4
relief,big,4
relief,feels,4
relief,didn't,4
relief,little,4
relief,read,4
relief,hey,4
relief,makes,4
relief,relieving,3
relief,feeling,3
remorse,sorry,425
remorse,so,87
remorse,i'm,86
remorse,i’m,65
remorse,just,44
remorse,not,42
remorse,like,28
remorse,regret,27
remorse,oh,26
remorse,hope,22
remorse,know,20
remorse,it's,20
remorse,bad,20
remorse,no,19
remorse,feel,19
remorse,too,18
remorse,don't,18
remorse,happened,17
remorse,time,17
remorse,apologies,16
remorse,good,16
remorse,didn’t,16
remorse,didn't,15
remorse,did,15
remorse,better,15
remorse,wrong,14
remorse,that's,14
remorse,really,14
remorse,post,14
remorse,hear,14
remorse,im,14
remorse,man,13
remorse,more,13
remorse,loss,13
remorse,apologize,13
remorse,yeah,12
remorse,thing,12
remorse,right,12
remorse,say,12
remorse,mean,12
remorse,thought,12
remorse,got,12
remorse,think,12
remorse,you're,12
remorse,meant,11
remorse,you’re,11
remorse,it’s,11
remorse,going,10
remorse,people,10
remorse,make,10
sadness,sad,221
sadness,so,206
sadness,sorry,189
sadness,i'm,130
sadness,just,105
sadness,not,101
sadness,bad,89
sadness,feel,89
sadness,like,79
sadness,it's,74
sadness,i’m,72
sadness,too,69
sadness,really,69
sadness,no,65
sadness,sadly,60
sadness,people,57
sadness,poor,48
sadness,miss,46
sadness,that's,43
sadness,it’s,41
sadness,hard,41
sadness,crying,36
sadness,time,35
sadness,think,34
sadness,know,34
sadness,hurts,33
sadness,got,33
sadness,man,33
sadness,very,32
sadness,don't,31
sadness,makes,31
sadness,years,30
sadness,more,28
sadness,painful,27
sadness,thing,27
sadness,lost,27
sadness,want,27
sadness,game,26
sadness,loss,26
sadness,going,26
sadness,never,25
sadness,getting,25
sadness,oh,25
sadness,make,24
sadness,pain,24
sadness,life,24
sadness,way,23
sadness,good,23
sadness,actually,22
sadness,hear,22
surprise,wow,207
surprise,surprised,139
surprise,oh,107
surprise,so,85
surprise,wonder,79
surprise,i'm,71
surprise,just,70
surprise,not,67
surprise,like,66
surprise,omg,63
surprise,know,53
surprise,really,52
surprise,never,50
surprise,believe,47
surprise,it's,45
surprise,no,43
surprise,didn't,39
surprise,people,37
surprise,more,36
surprise,shocked,35
surprise,i’m,34
surprise,did,34
surprise,that's,32
surprise,wondering,31
surprise,time,31
surprise,can't,30
surprise,surprise,30
surprise,too,30
surprise,i've,26
surprise,thought,26
surprise,actually,26
surprise,thing,26
surprise,year,25
surprise,think,25
surprise,didn’t,24
surprise,seen,23
surprise,got,21
surprise,that’s,20
surprise,don't,20
surprise,new,18
surprise,shit,18
surprise,years,17
surprise,very,17
surprise,man,17
surprise,can’t,17
surprise,real,17
surprise,look,17
surprise,read,16
surprise,it’s,16
surprise,yeah,15
neutral,not,1313
neutral,just,1166
neutral,like,991
neutral,so,793
neutral,no,720
neutral,people,609
neutral,it's,543
neutral,think,501
neutral,don't,437
neutral,know,430
neutral,more,428
neutral,too,411
neutral,time,385
neutral,i'm,343
neutral,got,320
neutral,that's,320
neutral,way,308
neutral,really,300
neutral,did,286
neutral,right,280
neutral,make,262
neutral,never,260
neutral,want,256
neutral,oh,246
neutral,you're,236
neutral,say,234
neutral,man,232
neutral,yeah,232
neutral,it’s,230
neutral,good,225
neutral,going,221
neutral,guy,212
neutral,mean,203
neutral,need,202
neutral,said,201
neutral,thing,197
neutral,probably,194
neutral,2,192
neutral,didn't,187
neutral,looks,185
neutral,1,185
neutral,thought,184
neutral,don’t,184
neutral,look,183
neutral,bad,183
neutral,better,181
neutral,sure,179
neutral,years,179
neutral,does,175
neutral,actually,173
