emotion,comments,content_tokens,unique_tokens,type_token_ratio,mean_raw_words
admiration,4130,25968,6226,0.2397566235366605,11.913317191283292
amusement,2328,15796,4465,0.2826664978475563,12.662371134020619
anger,1567,9633,3576,0.37122391778262226,11.971282705807274
annoyance,2470,17806,5399,0.30321240031450075,13.964372469635627
approval,2939,20324,5778,0.2842944302302696,13.697856413746171
caring,1087,7422,2484,0.33468067906224735,14.108555657773689
confusion,1368,9468,3439,0.36322348964934514,14.409356725146198
curiosity,2191,13637,4747,0.34809708880252255,13.316750342309447
desire,641,4428,1996,0.45076784101174344,14.622464898595943
disappointment,1269,9295,3350,0.36040882194728346,14.44917257683215
disapproval,2022,14843,4668,0.31449167957959984,13.978239366963402
disgust,793,5447,2350,0.43143014503396365,13.049180327868852
embarrassment,303,2191,1138,0.5193975353719763,14.306930693069306
excitement,853,5168,2064,0.3993808049535604,11.303634232121922
fear,596,4021,1779,0.44242725690126833,13.476510067114093
gratitude,2662,16048,3785,0.23585493519441675,11.761081893313298
grief,77,495,323,0.6525252525252525,12.116883116883116
joy,1452,9808,3076,0.3136215334420881,12.960743801652892
love,2086,12989,4060,0.3125721764570021,12.7320230105465
nervousness,164,1166,694,0.5951972555746141,14.262195121951219
optimism,1581,11989,3634,0.30311118525314873,15.537001897533207
pride,111,697,455,0.6527977044476327,12.873873873873874
realization,1110,8234,3124,0.37940247753218365,15.222522522522523
relief,153,1099,624,0.5677888989990901,13.320261437908497
remorse,545,3842,1595,0.4151483602290474,13.792660550458715
sadness,1326,9028,3050,0.33783783783783783,13.2579185520362
surprise,1060,6997,2686,0.3838788052022295,12.732075471698113
neutral,14219,88694,16017,0.1805871874083929,12.504184541810254
